Year,GEO,Age group,VALUE
2019,Newfoundland and Labrador,All ages,521542
2019,Newfoundland and Labrador,0 to 4 years,21231
2019,Newfoundland and Labrador,0 years,3943
2019,Newfoundland and Labrador,1 year,4032
2019,Newfoundland and Labrador,2 years,4349
2019,Newfoundland and Labrador,3 years,4454
2019,Newfoundland and Labrador,4 years,4453
2019,Newfoundland and Labrador,5 to 9 years,24039
2019,Newfoundland and Labrador,5 years,4690
2019,Newfoundland and Labrador,6 years,4541
2019,Newfoundland and Labrador,7 years,4631
2019,Newfoundland and Labrador,8 years,4947
2019,Newfoundland and Labrador,9 years,5230
2019,Newfoundland and Labrador,10 to 14 years,25928
2019,Newfoundland and Labrador,10 years,5262
2019,Newfoundland and Labrador,11 years,5258
2019,Newfoundland and Labrador,12 years,5132
2019,Newfoundland and Labrador,13 years,5166
2019,Newfoundland and Labrador,14 years,5110
2019,Newfoundland and Labrador,15 to 19 years,27310
2019,Newfoundland and Labrador,15 years,5252
2019,Newfoundland and Labrador,16 years,5306
2019,Newfoundland and Labrador,17 years,5442
2019,Newfoundland and Labrador,18 years,5482
2019,Newfoundland and Labrador,19 years,5828
2019,Newfoundland and Labrador,20 to 24 years,28455
2019,Newfoundland and Labrador,20 years,5845
2019,Newfoundland and Labrador,21 years,5798
2019,Newfoundland and Labrador,22 years,5643
2019,Newfoundland and Labrador,23 years,5623
2019,Newfoundland and Labrador,24 years,5546
2019,Newfoundland and Labrador,25 to 29 years,28561
2019,Newfoundland and Labrador,25 years,5530
2019,Newfoundland and Labrador,26 years,5501
2019,Newfoundland and Labrador,27 years,5653
2019,Newfoundland and Labrador,28 years,5776
2019,Newfoundland and Labrador,29 years,6101
2019,Newfoundland and Labrador,30 to 34 years,28652
2019,Newfoundland and Labrador,30 years,5678
2019,Newfoundland and Labrador,31 years,5654
2019,Newfoundland and Labrador,32 years,5625
2019,Newfoundland and Labrador,33 years,5805
2019,Newfoundland and Labrador,34 years,5890
2019,Newfoundland and Labrador,35 to 39 years,30412
2019,Newfoundland and Labrador,35 years,6013
2019,Newfoundland and Labrador,36 years,6047
2019,Newfoundland and Labrador,37 years,6084
2019,Newfoundland and Labrador,38 years,6042
2019,Newfoundland and Labrador,39 years,6226
2019,Newfoundland and Labrador,40 to 44 years,31928
2019,Newfoundland and Labrador,40 years,6112
2019,Newfoundland and Labrador,41 years,6265
2019,Newfoundland and Labrador,42 years,6337
2019,Newfoundland and Labrador,43 years,6496
2019,Newfoundland and Labrador,44 years,6718
2019,Newfoundland and Labrador,45 to 49 years,36729
2019,Newfoundland and Labrador,45 years,6797
2019,Newfoundland and Labrador,46 years,7005
2019,Newfoundland and Labrador,47 years,7480
2019,Newfoundland and Labrador,48 years,7666
2019,Newfoundland and Labrador,49 years,7781
2019,Newfoundland and Labrador,50 to 54 years,40991
2019,Newfoundland and Labrador,50 years,7850
2019,Newfoundland and Labrador,51 years,8079
2019,Newfoundland and Labrador,52 years,8095
2019,Newfoundland and Labrador,53 years,8417
2019,Newfoundland and Labrador,54 years,8550
2019,Newfoundland and Labrador,55 to 59 years,43154
2019,Newfoundland and Labrador,55 years,8608
2019,Newfoundland and Labrador,56 years,8638
2019,Newfoundland and Labrador,57 years,8553
2019,Newfoundland and Labrador,58 years,8757
2019,Newfoundland and Labrador,59 years,8598
2019,Newfoundland and Labrador,60 to 64 years,42234
2019,Newfoundland and Labrador,60 years,8561
2019,Newfoundland and Labrador,61 years,8526
2019,Newfoundland and Labrador,62 years,8396
2019,Newfoundland and Labrador,63 years,8429
2019,Newfoundland and Labrador,64 years,8322
2019,Newfoundland and Labrador,65 to 69 years,39110
2019,Newfoundland and Labrador,65 years,8267
2019,Newfoundland and Labrador,66 years,7969
2019,Newfoundland and Labrador,67 years,7753
2019,Newfoundland and Labrador,68 years,7713
2019,Newfoundland and Labrador,69 years,7408
2019,Newfoundland and Labrador,70 to 74 years,31391
2019,Newfoundland and Labrador,70 years,6984
2019,Newfoundland and Labrador,71 years,6771
2019,Newfoundland and Labrador,72 years,6487
2019,Newfoundland and Labrador,73 years,6147
2019,Newfoundland and Labrador,74 years,5002
2019,Newfoundland and Labrador,75 to 79 years,19283
2019,Newfoundland and Labrador,75 years,4671
2019,Newfoundland and Labrador,76 years,4283
2019,Newfoundland and Labrador,77 years,3773
2019,Newfoundland and Labrador,78 years,3400
2019,Newfoundland and Labrador,79 years,3156
2019,Newfoundland and Labrador,80 to 84 years,11986
2019,Newfoundland and Labrador,80 years,2920
2019,Newfoundland and Labrador,81 years,2667
2019,Newfoundland and Labrador,82 years,2392
2019,Newfoundland and Labrador,83 years,2125
2019,Newfoundland and Labrador,84 years,1882
2019,Newfoundland and Labrador,85 to 89 years,6535
2019,Newfoundland and Labrador,85 years,1684
2019,Newfoundland and Labrador,86 years,1485
2019,Newfoundland and Labrador,87 years,1289
2019,Newfoundland and Labrador,88 years,1124
2019,Newfoundland and Labrador,89 years,953
2019,Newfoundland and Labrador,90 to 94 years,2677
2019,Newfoundland and Labrador,90 years,776
2019,Newfoundland and Labrador,91 years,601
2019,Newfoundland and Labrador,92 years,518
2019,Newfoundland and Labrador,93 years,447
2019,Newfoundland and Labrador,94 years,335
2019,Newfoundland and Labrador,95 to 99 years,799
2019,Newfoundland and Labrador,95 years,249
2019,Newfoundland and Labrador,96 years,189
2019,Newfoundland and Labrador,97 years,177
2019,Newfoundland and Labrador,98 years,100
2019,Newfoundland and Labrador,99 years,84
2019,Newfoundland and Labrador,100 years and over,137
2019,Newfoundland and Labrador,0 to 14 years,71198
2019,Newfoundland and Labrador,0 to 15 years,76450
2019,Newfoundland and Labrador,0 to 16 years,81756
2019,Newfoundland and Labrador,0 to 17 years,87198
2019,Newfoundland and Labrador,15 to 49 years,212047
2019,Newfoundland and Labrador,15 to 64 years,338426
2019,Newfoundland and Labrador,16 to 64 years,333174
2019,Newfoundland and Labrador,17 to 64 years,327868
2019,Newfoundland and Labrador,18 years and over,434344
2019,Newfoundland and Labrador,18 to 64 years,322426
2019,Newfoundland and Labrador,18 to 24 years,39765
2019,Newfoundland and Labrador,25 to 44 years,119553
2019,Newfoundland and Labrador,45 to 64 years,163108
2019,Newfoundland and Labrador,65 years and over,111918
2019,Newfoundland and Labrador,90 years and over,3613
2019,Prince Edward Island,All ages,156947
2019,Prince Edward Island,0 to 4 years,7455
2019,Prince Edward Island,0 years,1415
2019,Prince Edward Island,1 year,1436
2019,Prince Edward Island,2 years,1507
2019,Prince Edward Island,3 years,1529
2019,Prince Edward Island,4 years,1568
2019,Prince Edward Island,5 to 9 years,8306
2019,Prince Edward Island,5 years,1616
2019,Prince Edward Island,6 years,1562
2019,Prince Edward Island,7 years,1683
2019,Prince Edward Island,8 years,1694
2019,Prince Edward Island,9 years,1751
2019,Prince Edward Island,10 to 14 years,8772
2019,Prince Edward Island,10 years,1773
2019,Prince Edward Island,11 years,1759
2019,Prince Edward Island,12 years,1779
2019,Prince Edward Island,13 years,1691
2019,Prince Edward Island,14 years,1770
2019,Prince Edward Island,15 to 19 years,9184
2019,Prince Edward Island,15 years,1765
2019,Prince Edward Island,16 years,1757
2019,Prince Edward Island,17 years,1707
2019,Prince Edward Island,18 years,1888
2019,Prince Edward Island,19 years,2067
2019,Prince Edward Island,20 to 24 years,10624
2019,Prince Edward Island,20 years,2121
2019,Prince Edward Island,21 years,2084
2019,Prince Edward Island,22 years,2158
2019,Prince Edward Island,23 years,2176
2019,Prince Edward Island,24 years,2085
2019,Prince Edward Island,25 to 29 years,9808
2019,Prince Edward Island,25 years,2017
2019,Prince Edward Island,26 years,1996
2019,Prince Edward Island,27 years,2010
2019,Prince Edward Island,28 years,1903
2019,Prince Edward Island,29 years,1882
2019,Prince Edward Island,30 to 34 years,8880
2019,Prince Edward Island,30 years,1769
2019,Prince Edward Island,31 years,1716
2019,Prince Edward Island,32 years,1790
2019,Prince Edward Island,33 years,1857
2019,Prince Edward Island,34 years,1748
2019,Prince Edward Island,35 to 39 years,9253
2019,Prince Edward Island,35 years,1791
2019,Prince Edward Island,36 years,1835
2019,Prince Edward Island,37 years,1898
2019,Prince Edward Island,38 years,1858
2019,Prince Edward Island,39 years,1871
2019,Prince Edward Island,40 to 44 years,9495
2019,Prince Edward Island,40 years,1936
2019,Prince Edward Island,41 years,1885
2019,Prince Edward Island,42 years,1907
2019,Prince Edward Island,43 years,1887
2019,Prince Edward Island,44 years,1880
2019,Prince Edward Island,45 to 49 years,10336
2019,Prince Edward Island,45 years,1988
2019,Prince Edward Island,46 years,2016
2019,Prince Edward Island,47 years,2112
2019,Prince Edward Island,48 years,2112
2019,Prince Edward Island,49 years,2108
2019,Prince Edward Island,50 to 54 years,10574
2019,Prince Edward Island,50 years,2108
2019,Prince Edward Island,51 years,2000
2019,Prince Edward Island,52 years,2035
2019,Prince Edward Island,53 years,2078
2019,Prince Edward Island,54 years,2353
2019,Prince Edward Island,55 to 59 years,12035
2019,Prince Edward Island,55 years,2409
2019,Prince Edward Island,56 years,2437
2019,Prince Edward Island,57 years,2348
2019,Prince Edward Island,58 years,2443
2019,Prince Edward Island,59 years,2398
2019,Prince Edward Island,60 to 64 years,11241
2019,Prince Edward Island,60 years,2275
2019,Prince Edward Island,61 years,2288
2019,Prince Edward Island,62 years,2238
2019,Prince Edward Island,63 years,2266
2019,Prince Edward Island,64 years,2174
2019,Prince Edward Island,65 to 69 years,10032
2019,Prince Edward Island,65 years,2152
2019,Prince Edward Island,66 years,2021
2019,Prince Edward Island,67 years,1959
2019,Prince Edward Island,68 years,1940
2019,Prince Edward Island,69 years,1960
2019,Prince Edward Island,70 to 74 years,8675
2019,Prince Edward Island,70 years,1940
2019,Prince Edward Island,71 years,1977
2019,Prince Edward Island,72 years,1906
2019,Prince Edward Island,73 years,1512
2019,Prince Edward Island,74 years,1340
2019,Prince Edward Island,75 to 79 years,5344
2019,Prince Edward Island,75 years,1324
2019,Prince Edward Island,76 years,1116
2019,Prince Edward Island,77 years,1033
2019,Prince Edward Island,78 years,974
2019,Prince Edward Island,79 years,897
2019,Prince Edward Island,80 to 84 years,3567
2019,Prince Edward Island,80 years,817
2019,Prince Edward Island,81 years,759
2019,Prince Edward Island,82 years,727
2019,Prince Edward Island,83 years,675
2019,Prince Edward Island,84 years,589
2019,Prince Edward Island,85 to 89 years,2109
2019,Prince Edward Island,85 years,536
2019,Prince Edward Island,86 years,498
2019,Prince Edward Island,87 years,411
2019,Prince Edward Island,88 years,358
2019,Prince Edward Island,89 years,306
2019,Prince Edward Island,90 to 94 years,925
2019,Prince Edward Island,90 years,241
2019,Prince Edward Island,91 years,232
2019,Prince Edward Island,92 years,180
2019,Prince Edward Island,93 years,154
2019,Prince Edward Island,94 years,118
2019,Prince Edward Island,95 to 99 years,281
2019,Prince Edward Island,95 years,89
2019,Prince Edward Island,96 years,59
2019,Prince Edward Island,97 years,61
2019,Prince Edward Island,98 years,45
2019,Prince Edward Island,99 years,27
2019,Prince Edward Island,100 years and over,51
2019,Prince Edward Island,0 to 14 years,24533
2019,Prince Edward Island,0 to 15 years,26298
2019,Prince Edward Island,0 to 16 years,28055
2019,Prince Edward Island,0 to 17 years,29762
2019,Prince Edward Island,15 to 49 years,67580
2019,Prince Edward Island,15 to 64 years,101430
2019,Prince Edward Island,16 to 64 years,99665
2019,Prince Edward Island,17 to 64 years,97908
2019,Prince Edward Island,18 years and over,127185
2019,Prince Edward Island,18 to 64 years,96201
2019,Prince Edward Island,18 to 24 years,14579
2019,Prince Edward Island,25 to 44 years,37436
2019,Prince Edward Island,45 to 64 years,44186
2019,Prince Edward Island,65 years and over,30984
2019,Prince Edward Island,90 years and over,1257
2019,Nova Scotia,All ages,971395
2019,Nova Scotia,0 to 4 years,43220
2019,Nova Scotia,0 years,8477
2019,Nova Scotia,1 year,8448
2019,Nova Scotia,2 years,8550
2019,Nova Scotia,3 years,8895
2019,Nova Scotia,4 years,8850
2019,Nova Scotia,5 to 9 years,46270
2019,Nova Scotia,5 years,8776
2019,Nova Scotia,6 years,9056
2019,Nova Scotia,7 years,9373
2019,Nova Scotia,8 years,9309
2019,Nova Scotia,9 years,9756
2019,Nova Scotia,10 to 14 years,47157
2019,Nova Scotia,10 years,9610
2019,Nova Scotia,11 years,9679
2019,Nova Scotia,12 years,9287
2019,Nova Scotia,13 years,9290
2019,Nova Scotia,14 years,9291
2019,Nova Scotia,15 to 19 years,51479
2019,Nova Scotia,15 years,9577
2019,Nova Scotia,16 years,9629
2019,Nova Scotia,17 years,10086
2019,Nova Scotia,18 years,10519
2019,Nova Scotia,19 years,11668
2019,Nova Scotia,20 to 24 years,61895
2019,Nova Scotia,20 years,11758
2019,Nova Scotia,21 years,12136
2019,Nova Scotia,22 years,12341
2019,Nova Scotia,23 years,12781
2019,Nova Scotia,24 years,12879
2019,Nova Scotia,25 to 29 years,62940
2019,Nova Scotia,25 years,12698
2019,Nova Scotia,26 years,12638
2019,Nova Scotia,27 years,12347
2019,Nova Scotia,28 years,12634
2019,Nova Scotia,29 years,12623
2019,Nova Scotia,30 to 34 years,59345
2019,Nova Scotia,30 years,12119
2019,Nova Scotia,31 years,11836
2019,Nova Scotia,32 years,11848
2019,Nova Scotia,33 years,11794
2019,Nova Scotia,34 years,11748
2019,Nova Scotia,35 to 39 years,57584
2019,Nova Scotia,35 years,11699
2019,Nova Scotia,36 years,11736
2019,Nova Scotia,37 years,11379
2019,Nova Scotia,38 years,11272
2019,Nova Scotia,39 years,11498
2019,Nova Scotia,40 to 44 years,56509
2019,Nova Scotia,40 years,11347
2019,Nova Scotia,41 years,10967
2019,Nova Scotia,42 years,11034
2019,Nova Scotia,43 years,11508
2019,Nova Scotia,44 years,11653
2019,Nova Scotia,45 to 49 years,61717
2019,Nova Scotia,45 years,11766
2019,Nova Scotia,46 years,12046
2019,Nova Scotia,47 years,12475
2019,Nova Scotia,48 years,12800
2019,Nova Scotia,49 years,12630
2019,Nova Scotia,50 to 54 years,67503
2019,Nova Scotia,50 years,12479
2019,Nova Scotia,51 years,12668
2019,Nova Scotia,52 years,13144
2019,Nova Scotia,53 years,14036
2019,Nova Scotia,54 years,15176
2019,Nova Scotia,55 to 59 years,79173
2019,Nova Scotia,55 years,15736
2019,Nova Scotia,56 years,15932
2019,Nova Scotia,57 years,16040
2019,Nova Scotia,58 years,15919
2019,Nova Scotia,59 years,15546
2019,Nova Scotia,60 to 64 years,74902
2019,Nova Scotia,60 years,15398
2019,Nova Scotia,61 years,15317
2019,Nova Scotia,62 years,14969
2019,Nova Scotia,63 years,14670
2019,Nova Scotia,64 years,14548
2019,Nova Scotia,65 to 69 years,64865
2019,Nova Scotia,65 years,14036
2019,Nova Scotia,66 years,13286
2019,Nova Scotia,67 years,12730
2019,Nova Scotia,68 years,12577
2019,Nova Scotia,69 years,12236
2019,Nova Scotia,70 to 74 years,54809
2019,Nova Scotia,70 years,12009
2019,Nova Scotia,71 years,12278
2019,Nova Scotia,72 years,11935
2019,Nova Scotia,73 years,9810
2019,Nova Scotia,74 years,8777
2019,Nova Scotia,75 to 79 years,35855
2019,Nova Scotia,75 years,8412
2019,Nova Scotia,76 years,7902
2019,Nova Scotia,77 years,7139
2019,Nova Scotia,78 years,6540
2019,Nova Scotia,79 years,5862
2019,Nova Scotia,80 to 84 years,23432
2019,Nova Scotia,80 years,5593
2019,Nova Scotia,81 years,5132
2019,Nova Scotia,82 years,4659
2019,Nova Scotia,83 years,4244
2019,Nova Scotia,84 years,3804
2019,Nova Scotia,85 to 89 years,13986
2019,Nova Scotia,85 years,3438
2019,Nova Scotia,86 years,3163
2019,Nova Scotia,87 years,2847
2019,Nova Scotia,88 years,2496
2019,Nova Scotia,89 years,2042
2019,Nova Scotia,90 to 94 years,6313
2019,Nova Scotia,90 years,1774
2019,Nova Scotia,91 years,1522
2019,Nova Scotia,92 years,1207
2019,Nova Scotia,93 years,1004
2019,Nova Scotia,94 years,806
2019,Nova Scotia,95 to 99 years,2085
2019,Nova Scotia,95 years,643
2019,Nova Scotia,96 years,503
2019,Nova Scotia,97 years,406
2019,Nova Scotia,98 years,320
2019,Nova Scotia,99 years,213
2019,Nova Scotia,100 years and over,356
2019,Nova Scotia,0 to 14 years,136647
2019,Nova Scotia,0 to 15 years,146224
2019,Nova Scotia,0 to 16 years,155853
2019,Nova Scotia,0 to 17 years,165939
2019,Nova Scotia,15 to 49 years,411469
2019,Nova Scotia,15 to 64 years,633047
2019,Nova Scotia,16 to 64 years,623470
2019,Nova Scotia,17 to 64 years,613841
2019,Nova Scotia,18 years and over,805456
2019,Nova Scotia,18 to 64 years,603755
2019,Nova Scotia,18 to 24 years,84082
2019,Nova Scotia,25 to 44 years,236378
2019,Nova Scotia,45 to 64 years,283295
2019,Nova Scotia,65 years and over,201701
2019,Nova Scotia,90 years and over,8754
2019,New Brunswick,All ages,776827
2019,New Brunswick,0 to 4 years,34313
2019,New Brunswick,0 years,6584
2019,New Brunswick,1 year,6689
2019,New Brunswick,2 years,6822
2019,New Brunswick,3 years,7013
2019,New Brunswick,4 years,7205
2019,New Brunswick,5 to 9 years,38251
2019,New Brunswick,5 years,7333
2019,New Brunswick,6 years,7439
2019,New Brunswick,7 years,7680
2019,New Brunswick,8 years,7798
2019,New Brunswick,9 years,8001
2019,New Brunswick,10 to 14 years,39479
2019,New Brunswick,10 years,8074
2019,New Brunswick,11 years,8125
2019,New Brunswick,12 years,7890
2019,New Brunswick,13 years,7725
2019,New Brunswick,14 years,7665
2019,New Brunswick,15 to 19 years,41021
2019,New Brunswick,15 years,7913
2019,New Brunswick,16 years,8067
2019,New Brunswick,17 years,8073
2019,New Brunswick,18 years,8205
2019,New Brunswick,19 years,8763
2019,New Brunswick,20 to 24 years,42993
2019,New Brunswick,20 years,8606
2019,New Brunswick,21 years,8770
2019,New Brunswick,22 years,8480
2019,New Brunswick,23 years,8564
2019,New Brunswick,24 years,8573
2019,New Brunswick,25 to 29 years,43915
2019,New Brunswick,25 years,8621
2019,New Brunswick,26 years,8762
2019,New Brunswick,27 years,8774
2019,New Brunswick,28 years,8793
2019,New Brunswick,29 years,8965
2019,New Brunswick,30 to 34 years,44022
2019,New Brunswick,30 years,8749
2019,New Brunswick,31 years,8615
2019,New Brunswick,32 years,8720
2019,New Brunswick,33 years,8966
2019,New Brunswick,34 years,8972
2019,New Brunswick,35 to 39 years,46515
2019,New Brunswick,35 years,9206
2019,New Brunswick,36 years,9353
2019,New Brunswick,37 years,9213
2019,New Brunswick,38 years,9309
2019,New Brunswick,39 years,9434
2019,New Brunswick,40 to 44 years,48201
2019,New Brunswick,40 years,9222
2019,New Brunswick,41 years,9432
2019,New Brunswick,42 years,9863
2019,New Brunswick,43 years,9832
2019,New Brunswick,44 years,9852
2019,New Brunswick,45 to 49 years,52087
2019,New Brunswick,45 years,9984
2019,New Brunswick,46 years,10276
2019,New Brunswick,47 years,10525
2019,New Brunswick,48 years,10717
2019,New Brunswick,49 years,10585
2019,New Brunswick,50 to 54 years,55922
2019,New Brunswick,50 years,10413
2019,New Brunswick,51 years,10583
2019,New Brunswick,52 years,10833
2019,New Brunswick,53 years,11588
2019,New Brunswick,54 years,12505
2019,New Brunswick,55 to 59 years,63374
2019,New Brunswick,55 years,12736
2019,New Brunswick,56 years,12807
2019,New Brunswick,57 years,12658
2019,New Brunswick,58 years,12642
2019,New Brunswick,59 years,12531
2019,New Brunswick,60 to 64 years,61310
2019,New Brunswick,60 years,12239
2019,New Brunswick,61 years,12560
2019,New Brunswick,62 years,12449
2019,New Brunswick,63 years,11985
2019,New Brunswick,64 years,12077
2019,New Brunswick,65 to 69 years,53983
2019,New Brunswick,65 years,11606
2019,New Brunswick,66 years,11156
2019,New Brunswick,67 years,10731
2019,New Brunswick,68 years,10235
2019,New Brunswick,69 years,10255
2019,New Brunswick,70 to 74 years,44758
2019,New Brunswick,70 years,10140
2019,New Brunswick,71 years,9881
2019,New Brunswick,72 years,9666
2019,New Brunswick,73 years,7954
2019,New Brunswick,74 years,7117
2019,New Brunswick,75 to 79 years,29097
2019,New Brunswick,75 years,6807
2019,New Brunswick,76 years,6296
2019,New Brunswick,77 years,5776
2019,New Brunswick,78 years,5397
2019,New Brunswick,79 years,4821
2019,New Brunswick,80 to 84 years,18731
2019,New Brunswick,80 years,4466
2019,New Brunswick,81 years,4088
2019,New Brunswick,82 years,3659
2019,New Brunswick,83 years,3449
2019,New Brunswick,84 years,3069
2019,New Brunswick,85 to 89 years,11512
2019,New Brunswick,85 years,2730
2019,New Brunswick,86 years,2632
2019,New Brunswick,87 years,2432
2019,New Brunswick,88 years,2000
2019,New Brunswick,89 years,1718
2019,New Brunswick,90 to 94 years,5291
2019,New Brunswick,90 years,1440
2019,New Brunswick,91 years,1262
2019,New Brunswick,92 years,1022
2019,New Brunswick,93 years,841
2019,New Brunswick,94 years,726
2019,New Brunswick,95 to 99 years,1767
2019,New Brunswick,95 years,546
2019,New Brunswick,96 years,445
2019,New Brunswick,97 years,357
2019,New Brunswick,98 years,253
2019,New Brunswick,99 years,166
2019,New Brunswick,100 years and over,285
2019,New Brunswick,0 to 14 years,112043
2019,New Brunswick,0 to 15 years,119956
2019,New Brunswick,0 to 16 years,128023
2019,New Brunswick,0 to 17 years,136096
2019,New Brunswick,15 to 49 years,318754
2019,New Brunswick,15 to 64 years,499360
2019,New Brunswick,16 to 64 years,491447
2019,New Brunswick,17 to 64 years,483380
2019,New Brunswick,18 years and over,640731
2019,New Brunswick,18 to 64 years,475307
2019,New Brunswick,18 to 24 years,59961
2019,New Brunswick,25 to 44 years,182653
2019,New Brunswick,45 to 64 years,232693
2019,New Brunswick,65 years and over,165424
2019,New Brunswick,90 years and over,7343
2019,Quebec,All ages,8484965
2019,Quebec,0 to 4 years,433857
2019,Quebec,0 years,83671
2019,Quebec,1 year,84280
2019,Quebec,2 years,86005
2019,Quebec,3 years,89198
2019,Quebec,4 years,90703
2019,Quebec,5 to 9 years,463229
2019,Quebec,5 years,91893
2019,Quebec,6 years,92787
2019,Quebec,7 years,92583
2019,Quebec,8 years,92541
2019,Quebec,9 years,93425
2019,Quebec,10 to 14 years,441575
2019,Quebec,10 years,93730
2019,Quebec,11 years,91724
2019,Quebec,12 years,88674
2019,Quebec,13 years,85391
2019,Quebec,14 years,82056
2019,Quebec,15 to 19 years,424486
2019,Quebec,15 years,81901
2019,Quebec,16 years,81454
2019,Quebec,17 years,82840
2019,Quebec,18 years,86128
2019,Quebec,19 years,92163
2019,Quebec,20 to 24 years,503015
2019,Quebec,20 years,93528
2019,Quebec,21 years,96847
2019,Quebec,22 years,100814
2019,Quebec,23 years,104637
2019,Quebec,24 years,107189
2019,Quebec,25 to 29 years,563583
2019,Quebec,25 years,108616
2019,Quebec,26 years,111560
2019,Quebec,27 years,114393
2019,Quebec,28 years,115477
2019,Quebec,29 years,113537
2019,Quebec,30 to 34 years,536815
2019,Quebec,30 years,108151
2019,Quebec,31 years,104873
2019,Quebec,32 years,105137
2019,Quebec,33 years,108370
2019,Quebec,34 years,110284
2019,Quebec,35 to 39 years,578990
2019,Quebec,35 years,111733
2019,Quebec,36 years,112406
2019,Quebec,37 years,116018
2019,Quebec,38 years,119077
2019,Quebec,39 years,119756
2019,Quebec,40 to 44 years,565658
2019,Quebec,40 years,116626
2019,Quebec,41 years,114671
2019,Quebec,42 years,113625
2019,Quebec,43 years,110988
2019,Quebec,44 years,109748
2019,Quebec,45 to 49 years,521415
2019,Quebec,45 years,104543
2019,Quebec,46 years,101945
2019,Quebec,47 years,102218
2019,Quebec,48 years,105810
2019,Quebec,49 years,106899
2019,Quebec,50 to 54 years,564948
2019,Quebec,50 years,105655
2019,Quebec,51 years,106502
2019,Quebec,52 years,110311
2019,Quebec,53 years,116886
2019,Quebec,54 years,125594
2019,Quebec,55 to 59 years,642265
2019,Quebec,55 years,127838
2019,Quebec,56 years,129096
2019,Quebec,57 years,127350
2019,Quebec,58 years,129622
2019,Quebec,59 years,128359
2019,Quebec,60 to 64 years,610417
2019,Quebec,60 years,127430
2019,Quebec,61 years,126230
2019,Quebec,62 years,123052
2019,Quebec,63 years,117583
2019,Quebec,64 years,116122
2019,Quebec,65 to 69 years,513602
2019,Quebec,65 years,111381
2019,Quebec,66 years,105414
2019,Quebec,67 years,101795
2019,Quebec,68 years,99589
2019,Quebec,69 years,95423
2019,Quebec,70 to 74 years,426341
2019,Quebec,70 years,93474
2019,Quebec,71 years,90220
2019,Quebec,72 years,87922
2019,Quebec,73 years,80103
2019,Quebec,74 years,74622
2019,Quebec,75 to 79 years,296603
2019,Quebec,75 years,69393
2019,Quebec,76 years,64509
2019,Quebec,77 years,59179
2019,Quebec,78 years,54615
2019,Quebec,79 years,48907
2019,Quebec,80 to 84 years,192230
2019,Quebec,80 years,45217
2019,Quebec,81 years,41418
2019,Quebec,82 years,37347
2019,Quebec,83 years,35556
2019,Quebec,84 years,32692
2019,Quebec,85 to 89 years,127255
2019,Quebec,85 years,30013
2019,Quebec,86 years,28246
2019,Quebec,87 years,25986
2019,Quebec,88 years,23231
2019,Quebec,89 years,19779
2019,Quebec,90 to 94 years,59247
2019,Quebec,90 years,16565
2019,Quebec,91 years,14133
2019,Quebec,92 years,11361
2019,Quebec,93 years,9528
2019,Quebec,94 years,7660
2019,Quebec,95 to 99 years,16875
2019,Quebec,95 years,6056
2019,Quebec,96 years,4295
2019,Quebec,97 years,2956
2019,Quebec,98 years,2110
2019,Quebec,99 years,1458
2019,Quebec,100 years and over,2559
2019,Quebec,0 to 14 years,1338661
2019,Quebec,0 to 15 years,1420562
2019,Quebec,0 to 16 years,1502016
2019,Quebec,0 to 17 years,1584856
2019,Quebec,15 to 49 years,3693962
2019,Quebec,15 to 64 years,5511592
2019,Quebec,16 to 64 years,5429691
2019,Quebec,17 to 64 years,5348237
2019,Quebec,18 years and over,6900109
2019,Quebec,18 to 64 years,5265397
2019,Quebec,18 to 24 years,681306
2019,Quebec,25 to 44 years,2245046
2019,Quebec,45 to 64 years,2339045
2019,Quebec,65 years and over,1634712
2019,Quebec,90 years and over,78681
2019,Ontario,All ages,14566547
2019,Ontario,0 to 4 years,728255
2019,Ontario,0 years,145779
2019,Ontario,1 year,144116
2019,Ontario,2 years,144399
2019,Ontario,3 years,146138
2019,Ontario,4 years,147823
2019,Ontario,5 to 9 years,764053
2019,Ontario,5 years,149359
2019,Ontario,6 years,151560
2019,Ontario,7 years,153693
2019,Ontario,8 years,153314
2019,Ontario,9 years,156127
2019,Ontario,10 to 14 years,787869
2019,Ontario,10 years,157646
2019,Ontario,11 years,160034
2019,Ontario,12 years,157935
2019,Ontario,13 years,155669
2019,Ontario,14 years,156585
2019,Ontario,15 to 19 years,861516
2019,Ontario,15 years,159374
2019,Ontario,16 years,160277
2019,Ontario,17 years,165548
2019,Ontario,18 years,178394
2019,Ontario,19 years,197923
2019,Ontario,20 to 24 years,1035287
2019,Ontario,20 years,202641
2019,Ontario,21 years,202885
2019,Ontario,22 years,202730
2019,Ontario,23 years,211386
2019,Ontario,24 years,215645
2019,Ontario,25 to 29 years,1050412
2019,Ontario,25 years,211080
2019,Ontario,26 years,209661
2019,Ontario,27 years,208751
2019,Ontario,28 years,210347
2019,Ontario,29 years,210573
2019,Ontario,30 to 34 years,1009817
2019,Ontario,30 years,204642
2019,Ontario,31 years,200301
2019,Ontario,32 years,200435
2019,Ontario,33 years,202520
2019,Ontario,34 years,201919
2019,Ontario,35 to 39 years,965953
2019,Ontario,35 years,198749
2019,Ontario,36 years,196900
2019,Ontario,37 years,192178
2019,Ontario,38 years,191015
2019,Ontario,39 years,187111
2019,Ontario,40 to 44 years,915068
2019,Ontario,40 years,183803
2019,Ontario,41 years,181049
2019,Ontario,42 years,181912
2019,Ontario,43 years,183326
2019,Ontario,44 years,184978
2019,Ontario,45 to 49 years,941055
2019,Ontario,45 years,182483
2019,Ontario,46 years,183600
2019,Ontario,47 years,187168
2019,Ontario,48 years,194077
2019,Ontario,49 years,193727
2019,Ontario,50 to 54 years,991445
2019,Ontario,50 years,191798
2019,Ontario,51 years,190351
2019,Ontario,52 years,191806
2019,Ontario,53 years,202670
2019,Ontario,54 years,214820
2019,Ontario,55 to 59 years,1068094
2019,Ontario,55 years,219871
2019,Ontario,56 years,219355
2019,Ontario,57 years,212101
2019,Ontario,58 years,210979
2019,Ontario,59 years,205788
2019,Ontario,60 to 64 years,937761
2019,Ontario,60 years,198177
2019,Ontario,61 years,193393
2019,Ontario,62 years,187908
2019,Ontario,63 years,181029
2019,Ontario,64 years,177254
2019,Ontario,65 to 69 years,778647
2019,Ontario,65 years,168991
2019,Ontario,66 years,161286
2019,Ontario,67 years,154143
2019,Ontario,68 years,149421
2019,Ontario,69 years,144806
2019,Ontario,70 to 74 years,644425
2019,Ontario,70 years,141619
2019,Ontario,71 years,141524
2019,Ontario,72 years,140705
2019,Ontario,73 years,115263
2019,Ontario,74 years,105314
2019,Ontario,75 to 79 years,444319
2019,Ontario,75 years,101615
2019,Ontario,76 years,96608
2019,Ontario,77 years,87999
2019,Ontario,78 years,81792
2019,Ontario,79 years,76305
2019,Ontario,80 to 84 years,311137
2019,Ontario,80 years,72054
2019,Ontario,81 years,66878
2019,Ontario,82 years,61367
2019,Ontario,83 years,57908
2019,Ontario,84 years,52930
2019,Ontario,85 to 89 years,201296
2019,Ontario,85 years,47843
2019,Ontario,86 years,44664
2019,Ontario,87 years,40383
2019,Ontario,88 years,36703
2019,Ontario,89 years,31703
2019,Ontario,90 to 94 years,96675
2019,Ontario,90 years,26613
2019,Ontario,91 years,22864
2019,Ontario,92 years,18943
2019,Ontario,93 years,15609
2019,Ontario,94 years,12646
2019,Ontario,95 to 99 years,29701
2019,Ontario,95 years,9964
2019,Ontario,96 years,7593
2019,Ontario,97 years,5614
2019,Ontario,98 years,3921
2019,Ontario,99 years,2609
2019,Ontario,100 years and over,3762
2019,Ontario,0 to 14 years,2280177
2019,Ontario,0 to 15 years,2439551
2019,Ontario,0 to 16 years,2599828
2019,Ontario,0 to 17 years,2765376
2019,Ontario,15 to 49 years,6779108
2019,Ontario,15 to 64 years,9776408
2019,Ontario,16 to 64 years,9617034
2019,Ontario,17 to 64 years,9456757
2019,Ontario,18 years and over,11801171
2019,Ontario,18 to 64 years,9291209
2019,Ontario,18 to 24 years,1411604
2019,Ontario,25 to 44 years,3941250
2019,Ontario,45 to 64 years,3938355
2019,Ontario,65 years and over,2509962
2019,Ontario,90 years and over,130138
2019,Manitoba,All ages,1369465
2019,Manitoba,0 to 4 years,86184
2019,Manitoba,0 years,17350
2019,Manitoba,1 year,17126
2019,Manitoba,2 years,17031
2019,Manitoba,3 years,17150
2019,Manitoba,4 years,17527
2019,Manitoba,5 to 9 years,88473
2019,Manitoba,5 years,17758
2019,Manitoba,6 years,17886
2019,Manitoba,7 years,17611
2019,Manitoba,8 years,17497
2019,Manitoba,9 years,17721
2019,Manitoba,10 to 14 years,84455
2019,Manitoba,10 years,17602
2019,Manitoba,11 years,17339
2019,Manitoba,12 years,16916
2019,Manitoba,13 years,16494
2019,Manitoba,14 years,16104
2019,Manitoba,15 to 19 years,87834
2019,Manitoba,15 years,16467
2019,Manitoba,16 years,16441
2019,Manitoba,17 years,16949
2019,Manitoba,18 years,18135
2019,Manitoba,19 years,19842
2019,Manitoba,20 to 24 years,96457
2019,Manitoba,20 years,19853
2019,Manitoba,21 years,19288
2019,Manitoba,22 years,18835
2019,Manitoba,23 years,19093
2019,Manitoba,24 years,19388
2019,Manitoba,25 to 29 years,98926
2019,Manitoba,25 years,19621
2019,Manitoba,26 years,19492
2019,Manitoba,27 years,19751
2019,Manitoba,28 years,19922
2019,Manitoba,29 years,20140
2019,Manitoba,30 to 34 years,97477
2019,Manitoba,30 years,19576
2019,Manitoba,31 years,19272
2019,Manitoba,32 years,19430
2019,Manitoba,33 years,19776
2019,Manitoba,34 years,19423
2019,Manitoba,35 to 39 years,93248
2019,Manitoba,35 years,19376
2019,Manitoba,36 years,18751
2019,Manitoba,37 years,18628
2019,Manitoba,38 years,18459
2019,Manitoba,39 years,18034
2019,Manitoba,40 to 44 years,85485
2019,Manitoba,40 years,17453
2019,Manitoba,41 years,17260
2019,Manitoba,42 years,16946
2019,Manitoba,43 years,17027
2019,Manitoba,44 years,16799
2019,Manitoba,45 to 49 years,82440
2019,Manitoba,45 years,16408
2019,Manitoba,46 years,16315
2019,Manitoba,47 years,16505
2019,Manitoba,48 years,16671
2019,Manitoba,49 years,16541
2019,Manitoba,50 to 54 years,81825
2019,Manitoba,50 years,15974
2019,Manitoba,51 years,15748
2019,Manitoba,52 years,15731
2019,Manitoba,53 years,16604
2019,Manitoba,54 years,17768
2019,Manitoba,55 to 59 years,90670
2019,Manitoba,55 years,18159
2019,Manitoba,56 years,18211
2019,Manitoba,57 years,18175
2019,Manitoba,58 years,18198
2019,Manitoba,59 years,17927
2019,Manitoba,60 to 64 years,81675
2019,Manitoba,60 years,17040
2019,Manitoba,61 years,16702
2019,Manitoba,62 years,16337
2019,Manitoba,63 years,15832
2019,Manitoba,64 years,15764
2019,Manitoba,65 to 69 years,68689
2019,Manitoba,65 years,15168
2019,Manitoba,66 years,14312
2019,Manitoba,67 years,13568
2019,Manitoba,68 years,12965
2019,Manitoba,69 years,12676
2019,Manitoba,70 to 74 years,54316
2019,Manitoba,70 years,12139
2019,Manitoba,71 years,11928
2019,Manitoba,72 years,11643
2019,Manitoba,73 years,9784
2019,Manitoba,74 years,8822
2019,Manitoba,75 to 79 years,36807
2019,Manitoba,75 years,8466
2019,Manitoba,76 years,8043
2019,Manitoba,77 years,7186
2019,Manitoba,78 years,6916
2019,Manitoba,79 years,6196
2019,Manitoba,80 to 84 years,25338
2019,Manitoba,80 years,5823
2019,Manitoba,81 years,5479
2019,Manitoba,82 years,4943
2019,Manitoba,83 years,4776
2019,Manitoba,84 years,4317
2019,Manitoba,85 to 89 years,16860
2019,Manitoba,85 years,3936
2019,Manitoba,86 years,3689
2019,Manitoba,87 years,3443
2019,Manitoba,88 years,3003
2019,Manitoba,89 years,2789
2019,Manitoba,90 to 94 years,8765
2019,Manitoba,90 years,2370
2019,Manitoba,91 years,2117
2019,Manitoba,92 years,1692
2019,Manitoba,93 years,1413
2019,Manitoba,94 years,1173
2019,Manitoba,95 to 99 years,3020
2019,Manitoba,95 years,958
2019,Manitoba,96 years,751
2019,Manitoba,97 years,588
2019,Manitoba,98 years,437
2019,Manitoba,99 years,286
2019,Manitoba,100 years and over,521
2019,Manitoba,0 to 14 years,259112
2019,Manitoba,0 to 15 years,275579
2019,Manitoba,0 to 16 years,292020
2019,Manitoba,0 to 17 years,308969
2019,Manitoba,15 to 49 years,641867
2019,Manitoba,15 to 64 years,896037
2019,Manitoba,16 to 64 years,879570
2019,Manitoba,17 to 64 years,863129
2019,Manitoba,18 years and over,1060496
2019,Manitoba,18 to 64 years,846180
2019,Manitoba,18 to 24 years,134434
2019,Manitoba,25 to 44 years,375136
2019,Manitoba,45 to 64 years,336610
2019,Manitoba,65 years and over,214316
2019,Manitoba,90 years and over,12306
2019,Saskatchewan,All ages,1174462
2019,Saskatchewan,0 to 4 years,77513
2019,Saskatchewan,0 years,15341
2019,Saskatchewan,1 year,15385
2019,Saskatchewan,2 years,15474
2019,Saskatchewan,3 years,15634
2019,Saskatchewan,4 years,15679
2019,Saskatchewan,5 to 9 years,78079
2019,Saskatchewan,5 years,15720
2019,Saskatchewan,6 years,15566
2019,Saskatchewan,7 years,15459
2019,Saskatchewan,8 years,15654
2019,Saskatchewan,9 years,15680
2019,Saskatchewan,10 to 14 years,74591
2019,Saskatchewan,10 years,15642
2019,Saskatchewan,11 years,15540
2019,Saskatchewan,12 years,14820
2019,Saskatchewan,13 years,14526
2019,Saskatchewan,14 years,14063
2019,Saskatchewan,15 to 19 years,71675
2019,Saskatchewan,15 years,14293
2019,Saskatchewan,16 years,13933
2019,Saskatchewan,17 years,13909
2019,Saskatchewan,18 years,14352
2019,Saskatchewan,19 years,15188
2019,Saskatchewan,20 to 24 years,75192
2019,Saskatchewan,20 years,15030
2019,Saskatchewan,21 years,14809
2019,Saskatchewan,22 years,15004
2019,Saskatchewan,23 years,15042
2019,Saskatchewan,24 years,15307
2019,Saskatchewan,25 to 29 years,81054
2019,Saskatchewan,25 years,15665
2019,Saskatchewan,26 years,15791
2019,Saskatchewan,27 years,15843
2019,Saskatchewan,28 years,16739
2019,Saskatchewan,29 years,17016
2019,Saskatchewan,30 to 34 years,86608
2019,Saskatchewan,30 years,16929
2019,Saskatchewan,31 years,17065
2019,Saskatchewan,32 years,17485
2019,Saskatchewan,33 years,17526
2019,Saskatchewan,34 years,17603
2019,Saskatchewan,35 to 39 years,84448
2019,Saskatchewan,35 years,17511
2019,Saskatchewan,36 years,17476
2019,Saskatchewan,37 years,16851
2019,Saskatchewan,38 years,16492
2019,Saskatchewan,39 years,16118
2019,Saskatchewan,40 to 44 years,73807
2019,Saskatchewan,40 years,15726
2019,Saskatchewan,41 years,15210
2019,Saskatchewan,42 years,14817
2019,Saskatchewan,43 years,14274
2019,Saskatchewan,44 years,13780
2019,Saskatchewan,45 to 49 years,66936
2019,Saskatchewan,45 years,13455
2019,Saskatchewan,46 years,13426
2019,Saskatchewan,47 years,13298
2019,Saskatchewan,48 years,13435
2019,Saskatchewan,49 years,13322
2019,Saskatchewan,50 to 54 years,67715
2019,Saskatchewan,50 years,13295
2019,Saskatchewan,51 years,12877
2019,Saskatchewan,52 years,12989
2019,Saskatchewan,53 years,13735
2019,Saskatchewan,54 years,14819
2019,Saskatchewan,55 to 59 years,78454
2019,Saskatchewan,55 years,15602
2019,Saskatchewan,56 years,16074
2019,Saskatchewan,57 years,15546
2019,Saskatchewan,58 years,15608
2019,Saskatchewan,59 years,15624
2019,Saskatchewan,60 to 64 years,73693
2019,Saskatchewan,60 years,15285
2019,Saskatchewan,61 years,14930
2019,Saskatchewan,62 years,14684
2019,Saskatchewan,63 years,14454
2019,Saskatchewan,64 years,14340
2019,Saskatchewan,65 to 69 years,59130
2019,Saskatchewan,65 years,13541
2019,Saskatchewan,66 years,12470
2019,Saskatchewan,67 years,11621
2019,Saskatchewan,68 years,10989
2019,Saskatchewan,69 years,10509
2019,Saskatchewan,70 to 74 years,44300
2019,Saskatchewan,70 years,9997
2019,Saskatchewan,71 years,9634
2019,Saskatchewan,72 years,9373
2019,Saskatchewan,73 years,7998
2019,Saskatchewan,74 years,7298
2019,Saskatchewan,75 to 79 years,31005
2019,Saskatchewan,75 years,6889
2019,Saskatchewan,76 years,6670
2019,Saskatchewan,77 years,6060
2019,Saskatchewan,78 years,5972
2019,Saskatchewan,79 years,5414
2019,Saskatchewan,80 to 84 years,22676
2019,Saskatchewan,80 years,5094
2019,Saskatchewan,81 years,4911
2019,Saskatchewan,82 years,4492
2019,Saskatchewan,83 years,4252
2019,Saskatchewan,84 years,3927
2019,Saskatchewan,85 to 89 years,15843
2019,Saskatchewan,85 years,3776
2019,Saskatchewan,86 years,3365
2019,Saskatchewan,87 years,3186
2019,Saskatchewan,88 years,2871
2019,Saskatchewan,89 years,2645
2019,Saskatchewan,90 to 94 years,8340
2019,Saskatchewan,90 years,2256
2019,Saskatchewan,91 years,1996
2019,Saskatchewan,92 years,1643
2019,Saskatchewan,93 years,1325
2019,Saskatchewan,94 years,1120
2019,Saskatchewan,95 to 99 years,2899
2019,Saskatchewan,95 years,924
2019,Saskatchewan,96 years,725
2019,Saskatchewan,97 years,559
2019,Saskatchewan,98 years,394
2019,Saskatchewan,99 years,297
2019,Saskatchewan,100 years and over,504
2019,Saskatchewan,0 to 14 years,230183
2019,Saskatchewan,0 to 15 years,244476
2019,Saskatchewan,0 to 16 years,258409
2019,Saskatchewan,0 to 17 years,272318
2019,Saskatchewan,15 to 49 years,539720
2019,Saskatchewan,15 to 64 years,759582
2019,Saskatchewan,16 to 64 years,745289
2019,Saskatchewan,17 to 64 years,731356
2019,Saskatchewan,18 years and over,902144
2019,Saskatchewan,18 to 64 years,717447
2019,Saskatchewan,18 to 24 years,104732
2019,Saskatchewan,25 to 44 years,325917
2019,Saskatchewan,45 to 64 years,286798
2019,Saskatchewan,65 years and over,184697
2019,Saskatchewan,90 years and over,11743
2019,Alberta,All ages,4371316
2019,Alberta,0 to 4 years,274355
2019,Alberta,0 years,53888
2019,Alberta,1 year,53733
2019,Alberta,2 years,54779
2019,Alberta,3 years,56733
2019,Alberta,4 years,55222
2019,Alberta,5 to 9 years,277117
2019,Alberta,5 years,54999
2019,Alberta,6 years,55042
2019,Alberta,7 years,55244
2019,Alberta,8 years,55228
2019,Alberta,9 years,56604
2019,Alberta,10 to 14 years,268395
2019,Alberta,10 years,56380
2019,Alberta,11 years,55889
2019,Alberta,12 years,53899
2019,Alberta,13 years,51598
2019,Alberta,14 years,50629
2019,Alberta,15 to 19 years,254877
2019,Alberta,15 years,50947
2019,Alberta,16 years,50170
2019,Alberta,17 years,49468
2019,Alberta,18 years,51093
2019,Alberta,19 years,53199
2019,Alberta,20 to 24 years,277814
2019,Alberta,20 years,54069
2019,Alberta,21 years,53979
2019,Alberta,22 years,54568
2019,Alberta,23 years,56824
2019,Alberta,24 years,58374
2019,Alberta,25 to 29 years,322348
2019,Alberta,25 years,59642
2019,Alberta,26 years,61510
2019,Alberta,27 years,64020
2019,Alberta,28 years,67196
2019,Alberta,29 years,69980
2019,Alberta,30 to 34 years,356080
2019,Alberta,30 years,70184
2019,Alberta,31 years,69250
2019,Alberta,32 years,71021
2019,Alberta,33 years,72946
2019,Alberta,34 years,72679
2019,Alberta,35 to 39 years,352392
2019,Alberta,35 years,73149
2019,Alberta,36 years,72194
2019,Alberta,37 years,70761
2019,Alberta,38 years,68815
2019,Alberta,39 years,67473
2019,Alberta,40 to 44 years,310907
2019,Alberta,40 years,65250
2019,Alberta,41 years,63147
2019,Alberta,42 years,61675
2019,Alberta,43 years,61364
2019,Alberta,44 years,59471
2019,Alberta,45 to 49 years,284912
2019,Alberta,45 years,57989
2019,Alberta,46 years,56907
2019,Alberta,47 years,56826
2019,Alberta,48 years,57468
2019,Alberta,49 years,55722
2019,Alberta,50 to 54 years,267626
2019,Alberta,50 years,53932
2019,Alberta,51 years,52547
2019,Alberta,52 years,51996
2019,Alberta,53 years,53241
2019,Alberta,54 years,55910
2019,Alberta,55 to 59 years,286198
2019,Alberta,55 years,57873
2019,Alberta,56 years,58153
2019,Alberta,57 years,56986
2019,Alberta,58 years,57114
2019,Alberta,59 years,56072
2019,Alberta,60 to 64 years,257898
2019,Alberta,60 years,54484
2019,Alberta,61 years,53415
2019,Alberta,62 years,51512
2019,Alberta,63 years,50310
2019,Alberta,64 years,48177
2019,Alberta,65 to 69 years,198601
2019,Alberta,65 years,45363
2019,Alberta,66 years,41959
2019,Alberta,67 years,38852
2019,Alberta,68 years,36995
2019,Alberta,69 years,35432
2019,Alberta,70 to 74 years,147896
2019,Alberta,70 years,33474
2019,Alberta,71 years,32869
2019,Alberta,72 years,31543
2019,Alberta,73 years,26264
2019,Alberta,74 years,23746
2019,Alberta,75 to 79 years,98084
2019,Alberta,75 years,22735
2019,Alberta,76 years,21316
2019,Alberta,77 years,19287
2019,Alberta,78 years,18223
2019,Alberta,79 years,16523
2019,Alberta,80 to 84 years,65905
2019,Alberta,80 years,15169
2019,Alberta,81 years,14152
2019,Alberta,82 years,12982
2019,Alberta,83 years,12361
2019,Alberta,84 years,11241
2019,Alberta,85 to 89 years,43176
2019,Alberta,85 years,10330
2019,Alberta,86 years,9596
2019,Alberta,87 years,8599
2019,Alberta,88 years,7856
2019,Alberta,89 years,6795
2019,Alberta,90 to 94 years,20012
2019,Alberta,90 years,5707
2019,Alberta,91 years,4866
2019,Alberta,92 years,3936
2019,Alberta,93 years,3111
2019,Alberta,94 years,2392
2019,Alberta,95 to 99 years,5796
2019,Alberta,95 years,1898
2019,Alberta,96 years,1437
2019,Alberta,97 years,1074
2019,Alberta,98 years,797
2019,Alberta,99 years,590
2019,Alberta,100 years and over,927
2019,Alberta,0 to 14 years,819867
2019,Alberta,0 to 15 years,870814
2019,Alberta,0 to 16 years,920984
2019,Alberta,0 to 17 years,970452
2019,Alberta,15 to 49 years,2159330
2019,Alberta,15 to 64 years,2971052
2019,Alberta,16 to 64 years,2920105
2019,Alberta,17 to 64 years,2869935
2019,Alberta,18 years and over,3400864
2019,Alberta,18 to 64 years,2820467
2019,Alberta,18 to 24 years,382106
2019,Alberta,25 to 44 years,1341727
2019,Alberta,45 to 64 years,1096634
2019,Alberta,65 years and over,580397
2019,Alberta,90 years and over,26735
2019,British Columbia,All ages,5071336
2019,British Columbia,0 to 4 years,227118
2019,British Columbia,0 years,43319
2019,British Columbia,1 year,44487
2019,British Columbia,2 years,45744
2019,British Columbia,3 years,46229
2019,British Columbia,4 years,47339
2019,British Columbia,5 to 9 years,241803
2019,British Columbia,5 years,47633
2019,British Columbia,6 years,48509
2019,British Columbia,7 years,48351
2019,British Columbia,8 years,48022
2019,British Columbia,9 years,49288
2019,British Columbia,10 to 14 years,244657
2019,British Columbia,10 years,49843
2019,British Columbia,11 years,49853
2019,British Columbia,12 years,48761
2019,British Columbia,13 years,47937
2019,British Columbia,14 years,48263
2019,British Columbia,15 to 19 years,277122
2019,British Columbia,15 years,49690
2019,British Columbia,16 years,51987
2019,British Columbia,17 years,53304
2019,British Columbia,18 years,57513
2019,British Columbia,19 years,64628
2019,British Columbia,20 to 24 years,336531
2019,British Columbia,20 years,67506
2019,British Columbia,21 years,67675
2019,British Columbia,22 years,66758
2019,British Columbia,23 years,67234
2019,British Columbia,24 years,67358
2019,British Columbia,25 to 29 years,354021
2019,British Columbia,25 years,67924
2019,British Columbia,26 years,69038
2019,British Columbia,27 years,70973
2019,British Columbia,28 years,72234
2019,British Columbia,29 years,73852
2019,British Columbia,30 to 34 years,366111
2019,British Columbia,30 years,73589
2019,British Columbia,31 years,72888
2019,British Columbia,32 years,72560
2019,British Columbia,33 years,73758
2019,British Columbia,34 years,73316
2019,British Columbia,35 to 39 years,351725
2019,British Columbia,35 years,72809
2019,British Columbia,36 years,71806
2019,British Columbia,37 years,71028
2019,British Columbia,38 years,68827
2019,British Columbia,39 years,67255
2019,British Columbia,40 to 44 years,315716
2019,British Columbia,40 years,64384
2019,British Columbia,41 years,62677
2019,British Columbia,42 years,62687
2019,British Columbia,43 years,62982
2019,British Columbia,44 years,62986
2019,British Columbia,45 to 49 years,330697
2019,British Columbia,45 years,62911
2019,British Columbia,46 years,63449
2019,British Columbia,47 years,64881
2019,British Columbia,48 years,69410
2019,British Columbia,49 years,70046
2019,British Columbia,50 to 54 years,345770
2019,British Columbia,50 years,69532
2019,British Columbia,51 years,67571
2019,British Columbia,52 years,66411
2019,British Columbia,53 years,69331
2019,British Columbia,54 years,72925
2019,British Columbia,55 to 59 years,377943
2019,British Columbia,55 years,76571
2019,British Columbia,56 years,77433
2019,British Columbia,57 years,74579
2019,British Columbia,58 years,74927
2019,British Columbia,59 years,74433
2019,British Columbia,60 to 64 years,354060
2019,British Columbia,60 years,72930
2019,British Columbia,61 years,72769
2019,British Columbia,62 years,70541
2019,British Columbia,63 years,69608
2019,British Columbia,64 years,68212
2019,British Columbia,65 to 69 years,305446
2019,British Columbia,65 years,65341
2019,British Columbia,66 years,62926
2019,British Columbia,67 years,60438
2019,British Columbia,68 years,58700
2019,British Columbia,69 years,58041
2019,British Columbia,70 to 74 years,246972
2019,British Columbia,70 years,55262
2019,British Columbia,71 years,54760
2019,British Columbia,72 years,53562
2019,British Columbia,73 years,43457
2019,British Columbia,74 years,39931
2019,British Columbia,75 to 79 years,166322
2019,British Columbia,75 years,38830
2019,British Columbia,76 years,36356
2019,British Columbia,77 years,32726
2019,British Columbia,78 years,30595
2019,British Columbia,79 years,27815
2019,British Columbia,80 to 84 years,110843
2019,British Columbia,80 years,25514
2019,British Columbia,81 years,23743
2019,British Columbia,82 years,22080
2019,British Columbia,83 years,20704
2019,British Columbia,84 years,18802
2019,British Columbia,85 to 89 years,71831
2019,British Columbia,85 years,17180
2019,British Columbia,86 years,15987
2019,British Columbia,87 years,14446
2019,British Columbia,88 years,12956
2019,British Columbia,89 years,11262
2019,British Columbia,90 to 94 years,34153
2019,British Columbia,90 years,9485
2019,British Columbia,91 years,8051
2019,British Columbia,92 years,6759
2019,British Columbia,93 years,5484
2019,British Columbia,94 years,4374
2019,British Columbia,95 to 99 years,10811
2019,British Columbia,95 years,3446
2019,British Columbia,96 years,2748
2019,British Columbia,97 years,2026
2019,British Columbia,98 years,1496
2019,British Columbia,99 years,1095
2019,British Columbia,100 years and over,1684
2019,British Columbia,0 to 14 years,713578
2019,British Columbia,0 to 15 years,763268
2019,British Columbia,0 to 16 years,815255
2019,British Columbia,0 to 17 years,868559
2019,British Columbia,15 to 49 years,2331923
2019,British Columbia,15 to 64 years,3409696
2019,British Columbia,16 to 64 years,3360006
2019,British Columbia,17 to 64 years,3308019
2019,British Columbia,18 years and over,4202777
2019,British Columbia,18 to 64 years,3254715
2019,British Columbia,18 to 24 years,458672
2019,British Columbia,25 to 44 years,1387573
2019,British Columbia,45 to 64 years,1408470
2019,British Columbia,65 years and over,948062
2019,British Columbia,90 years and over,46648
2019,Yukon,All ages,40854
2019,Yukon,0 to 4 years,2362
2019,Yukon,0 years,475
2019,Yukon,1 year,469
2019,Yukon,2 years,467
2019,Yukon,3 years,462
2019,Yukon,4 years,489
2019,Yukon,5 to 9 years,2395
2019,Yukon,5 years,487
2019,Yukon,6 years,478
2019,Yukon,7 years,499
2019,Yukon,8 years,474
2019,Yukon,9 years,457
2019,Yukon,10 to 14 years,2152
2019,Yukon,10 years,441
2019,Yukon,11 years,449
2019,Yukon,12 years,443
2019,Yukon,13 years,419
2019,Yukon,14 years,400
2019,Yukon,15 to 19 years,2042
2019,Yukon,15 years,409
2019,Yukon,16 years,395
2019,Yukon,17 years,406
2019,Yukon,18 years,398
2019,Yukon,19 years,434
2019,Yukon,20 to 24 years,2338
2019,Yukon,20 years,466
2019,Yukon,21 years,484
2019,Yukon,22 years,472
2019,Yukon,23 years,456
2019,Yukon,24 years,460
2019,Yukon,25 to 29 years,2884
2019,Yukon,25 years,502
2019,Yukon,26 years,544
2019,Yukon,27 years,557
2019,Yukon,28 years,645
2019,Yukon,29 years,636
2019,Yukon,30 to 34 years,3370
2019,Yukon,30 years,635
2019,Yukon,31 years,677
2019,Yukon,32 years,679
2019,Yukon,33 years,718
2019,Yukon,34 years,661
2019,Yukon,35 to 39 years,3384
2019,Yukon,35 years,716
2019,Yukon,36 years,711
2019,Yukon,37 years,662
2019,Yukon,38 years,667
2019,Yukon,39 years,628
2019,Yukon,40 to 44 years,2887
2019,Yukon,40 years,588
2019,Yukon,41 years,605
2019,Yukon,42 years,555
2019,Yukon,43 years,604
2019,Yukon,44 years,535
2019,Yukon,45 to 49 years,2821
2019,Yukon,45 years,515
2019,Yukon,46 years,540
2019,Yukon,47 years,594
2019,Yukon,48 years,618
2019,Yukon,49 years,554
2019,Yukon,50 to 54 years,2779
2019,Yukon,50 years,527
2019,Yukon,51 years,535
2019,Yukon,52 years,551
2019,Yukon,53 years,552
2019,Yukon,54 years,614
2019,Yukon,55 to 59 years,3261
2019,Yukon,55 years,637
2019,Yukon,56 years,646
2019,Yukon,57 years,661
2019,Yukon,58 years,674
2019,Yukon,59 years,643
2019,Yukon,60 to 64 years,3008
2019,Yukon,60 years,641
2019,Yukon,61 years,624
2019,Yukon,62 years,593
2019,Yukon,63 years,584
2019,Yukon,64 years,566
2019,Yukon,65 to 69 years,2171
2019,Yukon,65 years,536
2019,Yukon,66 years,455
2019,Yukon,67 years,437
2019,Yukon,68 years,400
2019,Yukon,69 years,343
2019,Yukon,70 to 74 years,1440
2019,Yukon,70 years,319
2019,Yukon,71 years,319
2019,Yukon,72 years,342
2019,Yukon,73 years,234
2019,Yukon,74 years,226
2019,Yukon,75 to 79 years,780
2019,Yukon,75 years,222
2019,Yukon,76 years,166
2019,Yukon,77 years,136
2019,Yukon,78 years,128
2019,Yukon,79 years,128
2019,Yukon,80 to 84 years,449
2019,Yukon,80 years,103
2019,Yukon,81 years,108
2019,Yukon,82 years,92
2019,Yukon,83 years,65
2019,Yukon,84 years,81
2019,Yukon,85 to 89 years,224
2019,Yukon,85 years,51
2019,Yukon,86 years,44
2019,Yukon,87 years,49
2019,Yukon,88 years,43
2019,Yukon,89 years,37
2019,Yukon,90 to 94 years,76
2019,Yukon,90 years,22
2019,Yukon,91 years,16
2019,Yukon,92 years,18
2019,Yukon,93 years,12
2019,Yukon,94 years,8
2019,Yukon,95 to 99 years,28
2019,Yukon,95 years,8
2019,Yukon,96 years,8
2019,Yukon,97 years,5
2019,Yukon,98 years,4
2019,Yukon,99 years,3
2019,Yukon,100 years and over,3
2019,Yukon,0 to 14 years,6909
2019,Yukon,0 to 15 years,7318
2019,Yukon,0 to 16 years,7713
2019,Yukon,0 to 17 years,8119
2019,Yukon,15 to 49 years,19726
2019,Yukon,15 to 64 years,28774
2019,Yukon,16 to 64 years,28365
2019,Yukon,17 to 64 years,27970
2019,Yukon,18 years and over,32735
2019,Yukon,18 to 64 years,27564
2019,Yukon,18 to 24 years,3170
2019,Yukon,25 to 44 years,12525
2019,Yukon,45 to 64 years,11869
2019,Yukon,65 years and over,5171
2019,Yukon,90 years and over,107
2019,Northwest Territories,All ages,44826
2019,Northwest Territories,0 to 4 years,3064
2019,Northwest Territories,0 years,582
2019,Northwest Territories,1 year,594
2019,Northwest Territories,2 years,575
2019,Northwest Territories,3 years,654
2019,Northwest Territories,4 years,659
2019,Northwest Territories,5 to 9 years,3048
2019,Northwest Territories,5 years,606
2019,Northwest Territories,6 years,613
2019,Northwest Territories,7 years,608
2019,Northwest Territories,8 years,597
2019,Northwest Territories,9 years,624
2019,Northwest Territories,10 to 14 years,2921
2019,Northwest Territories,10 years,567
2019,Northwest Territories,11 years,610
2019,Northwest Territories,12 years,587
2019,Northwest Territories,13 years,590
2019,Northwest Territories,14 years,567
2019,Northwest Territories,15 to 19 years,2822
2019,Northwest Territories,15 years,572
2019,Northwest Territories,16 years,535
2019,Northwest Territories,17 years,532
2019,Northwest Territories,18 years,589
2019,Northwest Territories,19 years,594
2019,Northwest Territories,20 to 24 years,3045
2019,Northwest Territories,20 years,519
2019,Northwest Territories,21 years,582
2019,Northwest Territories,22 years,609
2019,Northwest Territories,23 years,662
2019,Northwest Territories,24 years,673
2019,Northwest Territories,25 to 29 years,3749
2019,Northwest Territories,25 years,697
2019,Northwest Territories,26 years,707
2019,Northwest Territories,27 years,731
2019,Northwest Territories,28 years,804
2019,Northwest Territories,29 years,810
2019,Northwest Territories,30 to 34 years,3652
2019,Northwest Territories,30 years,752
2019,Northwest Territories,31 years,743
2019,Northwest Territories,32 years,733
2019,Northwest Territories,33 years,726
2019,Northwest Territories,34 years,698
2019,Northwest Territories,35 to 39 years,3445
2019,Northwest Territories,35 years,713
2019,Northwest Territories,36 years,654
2019,Northwest Territories,37 years,668
2019,Northwest Territories,38 years,687
2019,Northwest Territories,39 years,723
2019,Northwest Territories,40 to 44 years,3147
2019,Northwest Territories,40 years,687
2019,Northwest Territories,41 years,646
2019,Northwest Territories,42 years,647
2019,Northwest Territories,43 years,591
2019,Northwest Territories,44 years,576
2019,Northwest Territories,45 to 49 years,3043
2019,Northwest Territories,45 years,544
2019,Northwest Territories,46 years,578
2019,Northwest Territories,47 years,630
2019,Northwest Territories,48 years,620
2019,Northwest Territories,49 years,671
2019,Northwest Territories,50 to 54 years,3312
2019,Northwest Territories,50 years,645
2019,Northwest Territories,51 years,609
2019,Northwest Territories,52 years,615
2019,Northwest Territories,53 years,680
2019,Northwest Territories,54 years,763
2019,Northwest Territories,55 to 59 years,3265
2019,Northwest Territories,55 years,756
2019,Northwest Territories,56 years,691
2019,Northwest Territories,57 years,646
2019,Northwest Territories,58 years,612
2019,Northwest Territories,59 years,560
2019,Northwest Territories,60 to 64 years,2594
2019,Northwest Territories,60 years,573
2019,Northwest Territories,61 years,529
2019,Northwest Territories,62 years,532
2019,Northwest Territories,63 years,506
2019,Northwest Territories,64 years,454
2019,Northwest Territories,65 to 69 years,1656
2019,Northwest Territories,65 years,407
2019,Northwest Territories,66 years,360
2019,Northwest Territories,67 years,320
2019,Northwest Territories,68 years,320
2019,Northwest Territories,69 years,249
2019,Northwest Territories,70 to 74 years,982
2019,Northwest Territories,70 years,241
2019,Northwest Territories,71 years,208
2019,Northwest Territories,72 years,203
2019,Northwest Territories,73 years,177
2019,Northwest Territories,74 years,153
2019,Northwest Territories,75 to 79 years,549
2019,Northwest Territories,75 years,174
2019,Northwest Territories,76 years,123
2019,Northwest Territories,77 years,104
2019,Northwest Territories,78 years,80
2019,Northwest Territories,79 years,68
2019,Northwest Territories,80 to 84 years,294
2019,Northwest Territories,80 years,78
2019,Northwest Territories,81 years,61
2019,Northwest Territories,82 years,70
2019,Northwest Territories,83 years,43
2019,Northwest Territories,84 years,42
2019,Northwest Territories,85 to 89 years,153
2019,Northwest Territories,85 years,38
2019,Northwest Territories,86 years,38
2019,Northwest Territories,87 years,31
2019,Northwest Territories,88 years,23
2019,Northwest Territories,89 years,23
2019,Northwest Territories,90 to 94 years,62
2019,Northwest Territories,90 years,17
2019,Northwest Territories,91 years,19
2019,Northwest Territories,92 years,13
2019,Northwest Territories,93 years,6
2019,Northwest Territories,94 years,7
2019,Northwest Territories,95 to 99 years,19
2019,Northwest Territories,95 years,5
2019,Northwest Territories,96 years,4
2019,Northwest Territories,97 years,4
2019,Northwest Territories,98 years,3
2019,Northwest Territories,99 years,3
2019,Northwest Territories,100 years and over,4
2019,Northwest Territories,0 to 14 years,9033
2019,Northwest Territories,0 to 15 years,9605
2019,Northwest Territories,0 to 16 years,10140
2019,Northwest Territories,0 to 17 years,10672
2019,Northwest Territories,15 to 49 years,22903
2019,Northwest Territories,15 to 64 years,32074
2019,Northwest Territories,16 to 64 years,31502
2019,Northwest Territories,17 to 64 years,30967
2019,Northwest Territories,18 years and over,34154
2019,Northwest Territories,18 to 64 years,30435
2019,Northwest Territories,18 to 24 years,4228
2019,Northwest Territories,25 to 44 years,13993
2019,Northwest Territories,45 to 64 years,12214
2019,Northwest Territories,65 years and over,3719
2019,Northwest Territories,90 years and over,85
2019,Nunavut,All ages,38780
2019,Nunavut,0 to 4 years,4248
2019,Nunavut,0 years,892
2019,Nunavut,1 year,860
2019,Nunavut,2 years,840
2019,Nunavut,3 years,800
2019,Nunavut,4 years,856
2019,Nunavut,5 to 9 years,4289
2019,Nunavut,5 years,891
2019,Nunavut,6 years,866
2019,Nunavut,7 years,815
2019,Nunavut,8 years,830
2019,Nunavut,9 years,887
2019,Nunavut,10 to 14 years,3811
2019,Nunavut,10 years,819
2019,Nunavut,11 years,807
2019,Nunavut,12 years,766
2019,Nunavut,13 years,730
2019,Nunavut,14 years,689
2019,Nunavut,15 to 19 years,3267
2019,Nunavut,15 years,694
2019,Nunavut,16 years,641
2019,Nunavut,17 years,641
2019,Nunavut,18 years,619
2019,Nunavut,19 years,672
2019,Nunavut,20 to 24 years,3052
2019,Nunavut,20 years,580
2019,Nunavut,21 years,620
2019,Nunavut,22 years,617
2019,Nunavut,23 years,616
2019,Nunavut,24 years,619
2019,Nunavut,25 to 29 years,3273
2019,Nunavut,25 years,611
2019,Nunavut,26 years,609
2019,Nunavut,27 years,642
2019,Nunavut,28 years,732
2019,Nunavut,29 years,679
2019,Nunavut,30 to 34 years,3109
2019,Nunavut,30 years,700
2019,Nunavut,31 years,646
2019,Nunavut,32 years,569
2019,Nunavut,33 years,589
2019,Nunavut,34 years,605
2019,Nunavut,35 to 39 years,2672
2019,Nunavut,35 years,550
2019,Nunavut,36 years,521
2019,Nunavut,37 years,528
2019,Nunavut,38 years,543
2019,Nunavut,39 years,530
2019,Nunavut,40 to 44 years,2201
2019,Nunavut,40 years,495
2019,Nunavut,41 years,489
2019,Nunavut,42 years,418
2019,Nunavut,43 years,416
2019,Nunavut,44 years,383
2019,Nunavut,45 to 49 years,2218
2019,Nunavut,45 years,418
2019,Nunavut,46 years,395
2019,Nunavut,47 years,453
2019,Nunavut,48 years,487
2019,Nunavut,49 years,465
2019,Nunavut,50 to 54 years,2257
2019,Nunavut,50 years,472
2019,Nunavut,51 years,472
2019,Nunavut,52 years,439
2019,Nunavut,53 years,436
2019,Nunavut,54 years,438
2019,Nunavut,55 to 59 years,1740
2019,Nunavut,55 years,431
2019,Nunavut,56 years,360
2019,Nunavut,57 years,333
2019,Nunavut,58 years,305
2019,Nunavut,59 years,311
2019,Nunavut,60 to 64 years,1095
2019,Nunavut,60 years,252
2019,Nunavut,61 years,252
2019,Nunavut,62 years,220
2019,Nunavut,63 years,190
2019,Nunavut,64 years,181
2019,Nunavut,65 to 69 years,675
2019,Nunavut,65 years,170
2019,Nunavut,66 years,127
2019,Nunavut,67 years,150
2019,Nunavut,68 years,127
2019,Nunavut,69 years,101
2019,Nunavut,70 to 74 years,455
2019,Nunavut,70 years,102
2019,Nunavut,71 years,111
2019,Nunavut,72 years,109
2019,Nunavut,73 years,75
2019,Nunavut,74 years,58
2019,Nunavut,75 to 79 years,229
2019,Nunavut,75 years,61
2019,Nunavut,76 years,52
2019,Nunavut,77 years,44
2019,Nunavut,78 years,44
2019,Nunavut,79 years,28
2019,Nunavut,80 to 84 years,116
2019,Nunavut,80 years,35
2019,Nunavut,81 years,27
2019,Nunavut,82 years,18
2019,Nunavut,83 years,21
2019,Nunavut,84 years,15
2019,Nunavut,85 to 89 years,48
2019,Nunavut,85 years,11
2019,Nunavut,86 years,12
2019,Nunavut,87 years,12
2019,Nunavut,88 years,8
2019,Nunavut,89 years,5
2019,Nunavut,90 to 94 years,18
2019,Nunavut,90 years,7
2019,Nunavut,91 years,5
2019,Nunavut,92 years,2
2019,Nunavut,93 years,4
2019,Nunavut,94 years,0
2019,Nunavut,95 to 99 years,5
2019,Nunavut,95 years,2
2019,Nunavut,96 years,1
2019,Nunavut,97 years,0
2019,Nunavut,98 years,1
2019,Nunavut,99 years,1
2019,Nunavut,100 years and over,2
2019,Nunavut,0 to 14 years,12348
2019,Nunavut,0 to 15 years,13042
2019,Nunavut,0 to 16 years,13683
2019,Nunavut,0 to 17 years,14324
2019,Nunavut,15 to 49 years,19792
2019,Nunavut,15 to 64 years,24884
2019,Nunavut,16 to 64 years,24190
2019,Nunavut,17 to 64 years,23549
2019,Nunavut,18 years and over,24456
2019,Nunavut,18 to 64 years,22908
2019,Nunavut,18 to 24 years,4343
2019,Nunavut,25 to 44 years,11255
2019,Nunavut,45 to 64 years,7310
2019,Nunavut,65 years and over,1548
2019,Nunavut,90 years and over,25